-2.543456253616113,-10.81635752298698,0
9.434466063362107,-2.572000008643339,0
3.368645660641181,-10.19467053757494,0
1.341406669593244,-4.204140186264619,0
9.547757519507259,-2.220579878975745,0
-3.533291251348181,6.424350619192698,0
0.3542404368695679,7.932590624927088,0
3.447912682902635,-0.6361504210988798,0
9.242952206157637,1.407495981743311,0
6.475267145298022,5.974660350231182,0
5.306609147016063,6.871275240938631,0
9.62058316993882,-0.5617724071020717,0
-0.3371007590872331,7.914559311834426,0
1.396652612851413,-4.082767551781423,0
4.052507761357119,-9.7141156540778,0
-3.265609318022617,6.644257840522801,0
3.01731229106809,-10.18642047838239,0
-6.32236410051657,1.390783575790282,0
-2.33412731058119,7.249693998632536,0
-4.965822810086362,-2.803638347019768,0
7.203553673665218,5.145630625231853,0
4.191258696526423,7.342170694643843,0
-0.0106528363912318,-4.678732394657503,0
-0.8636350300196163,-4.700504135587644,0
4.77811789780528,-9.353491172168569,0
2.887803085507995,0.7269603917240874,0
-5.563764620092845,-1.704965881515447,0
2.342074539710758,1.401275762172555,0
-2.795551513962416,6.977163454675035,0
-0.6705436661808377,-10.97600730281032,0
9.436782553726088,-2.441491918978361,0
-0.2301485537416474,7.819066169623241,0
-5.809649146567843,3.424270775348223,0
-1.169098767622572,-4.661097233632324,0
1.811881084376307,-10.59914904752958,0
-0.714613973168531,-4.713698044268262,0
6.304008400575492,6.103829489913403,0
-5.256512340882476,4.706008430303879,0
2.207205820762759,7.996662718895502,0
9.163894188090085,-3.785968181747541,0
-5.549869959471652,4.098637821967856,0
-3.928223774514819,-3.624792099831895,0
-5.926332533961017,-0.8873844164081329,0
4.074994937195135,-9.697754047750541,0
1.995604998182265,-10.58174248235551,0
9.01607776200675,2.019355478148753,0
-4.406514684404458,5.732137216865148,0
7.341434324400129,5.101745721422575,0
-0.880480693918843,-10.97418148135994,0
-4.294359100010097,-3.338169007792759,0
-5.32595532113854,4.493753378595047,0
0.1067679253385384,-4.60976046081943,0
9.56669514503098,-1.453297997752056,0
3.408441102916727,-1.039982237009798,0
4.315009370522647,7.42697698794746,0
9.034748844961156,1.947637643336521,0
8.496621364567085,3.342065505383859,0
-6.08114184303647,2.413820256825882,0
-0.6637744424082965,7.748372402113352,0
8.595164022389211,-5.200880136239024,0
3.440622209112062,-0.4101565615049615,0
8.957361570822169,-4.399018928221977,0
8.296330455396783,3.833696215765176,0
7.197286496874678,-7.242211620322356,0
3.535644968486366,7.624332582314119,0
-0.7628717683991064,7.780604041322278,0
2.152378696188987,1.5112636589504,0
9.513141867393577,0.9275864618360147,0
-6.053559278671448,2.474707434800608,0
3.001567109056522,-2.441897297094123,0
9.421918822029971,1.314029033690312,0
9.554565260163479,-0.1387621592419195,0
1.809484102891172,-10.59769235334107,0
8.798842175368636,-4.545831437359922,0
-3.766468855284056,6.323632965218836,0
0.5615667997480667,-10.79403290763689,0
9.506833766726517,-0.8398829940581561,0
-2.142904560715811,-10.86712607610577,0
4.480867912539418,-9.378581313636593,0
8.588463539033452,3.404780395251703,0
5.787899545472859,-8.725428629018024,0
4.580001115768178,-9.455147104802037,0
3.492726328260963,-9.969172414742905,0
4.241863383783284,7.47279103919322,0
2.054095292127816,-10.48908291484846,0
4.394721220630082,-9.53831371122949,0
6.256795638808133,6.038553743426101,0
9.340377370538638,1.586724538256815,0
-6.119051552991606,2.007193569473846,0
-6.31480707124359,1.278609495108957,0
7.88820590444157,4.343994907722179,0
-2.914176754035267,-4.252244742734517,0
8.099049474726277,-6.016354686254411,0
7.606111213034623,4.68750757095798,0
-3.547465087337859,6.529577103417822,0
-0.2831455826052378,-10.85714985687307,0
5.080999293756063,-9.206672625228157,0
-2.255862308585157,7.200777430040103,0
2.148514982092903,-3.591816643929495,0
0.09266909298726017,7.99275545518661,0
-3.723011886747534,6.362152708937905,0
9.13341594549572,2.201853155989479,0
-3.649256723192389,-3.870407759044184,0
7.824292075742338,4.472143973279008,0
9.106633675611331,1.779694669165251,0
-4.28573466866788,-3.40290967017419,0
-0.2749048239972064,-11.01715408093326,0
1.046379471954892,8.099460316520966,0
6.828850103448326,5.739489772102992,0
-4.709780339542895,5.408866360293,0
-3.6587498483503,-10.64197395718706,0
-1.044292503612492,-10.98899512004912,0
8.191243218814975,-6.028858907080203,0
-6.333955888344195,0.5567472062667497,0
2.642907716786696,7.907863917276662,0
-3.580888482652849,6.359425493401042,0
9.292015634421292,1.507492924556169,0
9.588771061455541,-0.6567168196857915,0
5.006722137922783,6.994902549751386,0
8.49839953705696,3.473538961360617,0
-4.962386451993201,5.045676168751889,0
-1.670133739975843,7.53027721343785,0
-3.026159352803324,-10.77935664856631,0
6.608200362266632,5.790446425126674,0
1.512138578322527,-10.66382263493014,0
-0.211409019328486,-4.665650227381686,0
2.267072926965612,-10.49003301108903,0
1.425185280526969,8.009658175743642,0
2.39858413761938,1.314517801969161,0
0.3601832323258065,-4.554904676340347,0
2.690426608919261,-2.981506099781936,0
5.619753104297848,6.589161442788603,0
5.502070387031916,-8.768994376168761,0
-6.026608276686831,-0.7820810867823613,0
-2.122317593608286,-10.80460059882032,0
1.620165396173501,-3.893976293175155,0
-5.400490169268747,4.428957020188687,0
2.459020544400586,1.205781777826887,0
-1.423834955839421,-10.92301207335968,0
3.702016953939433,7.629110484230655,0
7.501352624354007,-6.798684409492256,0
1.775244774997748,8.016298594627276,0
2.577548239294113,-10.42994484890075,0
9.626086397024885,-0.128472149536429,0
-3.982057865089481,-3.752072755899905,0
-4.267481770325833,5.71891045324157,0
-0.2948441075161372,-10.84287367188824,0
3.364387635320524,-0.738696813915876,0
4.061802550499843,7.546631406843516,0
-5.858245746999295,2.967554255107329,0
9.562682646888625,-2.299630414264527,0
8.698964045842269,-4.887386336528182,0
3.393517650427615,-0.9537848126103654,0
-6.050754721724122,2.595751024522261,0
3.130564839133929,0.5336607701173427,0
5.946529619643729,-8.366785515764573,0
-5.861634524084031,-1.273008944073866,0
1.128770431710816,1.830548943337935,0
4.941484698804243,-9.103216399175693,0
9.659886510026505,-0.9000315645815735,0
-2.567604374445074,-4.416252713633956,0
-5.52356034909452,-1.756289175943399,0
4.070295358199796,7.438591645757936,0
-0.6250331392153925,-10.88787922460214,0
9.300387024648995,-2.983195197442905,0
8.278968831280583,3.785707975923841,0
7.855805742322983,-6.372320131907789,0
4.288833336905311,7.264864213866899,0
-3.624454347385629,6.471811222863133,0
9.530892321871246,-0.1467779627172213,0
-5.675051847035767,4.02670782222823,0
-5.514614785045535,4.148565022478399,0
-1.705782628797732,-11.00341285009317,0
0.9678432515659563,-10.82455791514694,0
2.933384734086603,-10.24434650667872,0
-0.06034056439014868,8.008313380954718,0
7.35877401522338,5.162703531426105,0
9.450718980249194,-0.01343768597427089,0
-2.552556664132839,-4.424497855599869,0
1.63427760904996,-10.61567403597272,0
9.373773856836349,-2.547193694777423,0
6.678250677484886,5.78580947475858,0
4.981607027030882,-9.220652026870495,0
-4.147278987387175,-10.46144881692136,0
-4.209256774902872,-10.35910303648804,0
6.144507069964452,-8.357560792004863,0
9.590835801482747,-1.155275469472076,0
8.58437778811221,-5.107790130782595,0
-2.013887728937802,7.395073725685032,0
9.52852442236882,-0.05250750329927534,0
-3.253975047695713,-10.71335642311537,0
9.492367434660927,-0.778649485582808,0
-0.7074329155199649,-4.708763129841005,0
-5.655415286995332,-1.429670667253834,0
-6.217997437758144,1.305729937843403,0
2.042869594748466,1.721975673803806,0
-0.5512444668096063,-10.94352097190789,0
-6.043235834704745,-0.6558401679922247,0
4.125639313129004,7.420428661258176,0
8.818417516830776,2.647287438454059,0
-2.412535683171118,-4.509181844525016,0
0.8182807602940848,8.101686985202759,0
-5.633576649084903,3.993784742106748,0
1.882510673274157,-10.65684048852998,0
6.957273655925413,5.555661736945809,0
-1.221905048691015,-10.84216269639743,0
9.306779230147905,-3.3646724113705,0
-5.258830766337394,4.448946057329656,0
3.327257160547987,-0.6360354173212774,0
5.568837922361071,-8.893639516696178,0
-4.507252081092869,5.651558554037984,0
9.008633176268471,2.189310080758363,0
-1.221572180273338,7.662162097178354,0
-6.304170807603149,0.5106001935741762,0
5.239464035722819,6.849071280791064,0
-1.827018179032965,-10.9134567524467,0
6.656973992519294,-7.794081415224883,0
2.187715941819838,7.886253425198706,0
2.283783988329576,-10.44771275811822,0
9.604302108899658,-0.9232629049063247,0
1.661224514424475,-3.998460628523725,0
-5.71792270157164,3.40579729326222,0
-4.527940751278299,5.50771361704532,0
1.31964499120208,7.95595684275722,0
2.120033880612094,-3.712950074430373,0
0.9648406654794387,8.057134245060935,0
7.120575047358002,5.450356006244617,0
-0.7119355517457062,7.796139610809633,0
4.398429734968436,-9.507383276901907,0
-3.758679109614712,6.290696406047113,0
-1.793951873169498,-4.627509244486832,0
3.518955119426368,-9.957679038853922,0
-2.875113854628252,-4.401033256089273,0
5.394616514243635,-8.847424837380412,0
-0.4005595219755713,-10.83160664936588,0
-5.857370336718971,-0.9450130146578613,0
-3.556318464627923,6.555200916716661,0
1.809756457501478,-3.923172812759035,0
9.582755069844756,-1.646093114381061,0
5.25229017110371,-9.100865100756359,0
-5.127725149427681,4.881363094979791,0
9.242685443345165,1.142104353419971,0
8.940164379830957,2.554272905522697,0
2.432869008365678,-10.31910691494774,0
3.11589867815337,-10.25766490261001,0
-1.389091199366767,7.501358109456251,0
-2.967707749556215,-10.84335293703379,0
5.232008591593345,-8.92225536260432,0
6.286974120132228,6.147595373106515,0
-1.919476165777703,7.375191311944462,0
-1.225213948238696,-10.93955871494259,0
5.205364163746529,6.93020970413203,0
9.572476902992793,-0.09875175371110403,0
0.6093641649646155,-10.84200083996858,0
7.525463295741169,-6.799092966358097,0
-4.370055786866819,-3.253855282007064,0
-1.696159755529639,-4.575860993315965,0
-1.235258560720725,-4.684537068581187,0
8.409241143868238,3.516130709522301,0
3.418433284927943,-0.9893701651265712,0
-5.929487310140502,-1.116938455263915,0
-2.433146467704962,7.216259836297376,0
-0.8351029378507724,-10.99479321440498,0
1.345683775492696,8.08960672738567,0
-4.868146435831388,5.184338915741111,0
-5.93212238892399,-0.51993386618662,0
-3.383868057122744,-10.71240017029304,0
8.968699897964413,-4.07672162683107,0
4.862770476909765,7.013006186197406,0
-6.231041175478881,1.462945406124277,0
0.05584365185746168,7.921545077681026,0
8.558697610991171,3.561348770878385,0
-5.919471779341413,3.412207065880577,0
-3.485280305092353,-3.924984069251765,0
-5.409684595598224,-10.00645413639101,0
0.6680240006107626,-4.461343173783224,0
-4.455976020004931,-3.163990622686869,0
2.389346994089923,-3.459202260318154,0
-6.233532953841053,2.107341951911053,0
-1.850412899386982,-4.514926030213736,0
9.322739704129848,1.237004563838995,0
-4.554486444866289,-3.168500047379121,0
8.000193194707474,-6.224744744780883,0
-0.3219490835227834,-10.96019742348606,0
5.130680863553604,-9.083965777687348,0
-0.5682558769030929,7.737057613344387,0
3.242062473864193,0.2881719308600004,0
7.156540440593226,-7.227343066172764,0
-1.13882974000332,-10.83921543591487,0
6.647639604134262,-7.853313793931021,0
-4.469968336784776,5.70481334255139,0
2.400364795358039,1.457104988437002,0
-6.310486912839907,1.269442601472518,0
3.911426021961225,-9.699053861034338,0
3.695457640226829,7.486326779317769,0
0.5958030363513833,-4.461409049123345,0
3.521703809593196,-9.977599133666967,0
2.703336367136195,7.941851002326344,0
-4.085344941724798,5.969435599210493,0
2.876905697672339,-10.36596936107527,0
-0.7397397450699704,-4.789571631311762,0
3.873826267356447,7.416068247622992,0
-5.99413221378232,-0.7284004851008176,0
9.210534436710402,1.771899293223272,0
8.520139162642009,3.456486534073806,0
-6.076895949960734,2.184716586779226,0
-1.564252133661523,7.439333564169214,0
6.520838168217558,6.041167045585806,0
4.30167229772992,-9.638410234786715,0
9.584710450544678,-0.988111196156533,0
0.3369842636576341,7.903639287165574,0
1.906376771464078,-10.52463296953928,0
8.580271734664272,3.301049991653209,0
0.940204909028942,-4.325409160143687,0
-4.499905588187533,-3.199958530772329,0
-4.66001971850782,5.33669514897321,0
9.576434210786706,0.191866093258164,0
0.9814215637749825,-4.378879880762251,0
-3.867840750316264,-3.801435114288084,0
6.867879896460439,5.69419661117986,0
-4.967218770639091,-2.558926114738092,0
0.2831168327657359,-4.562152587723571,0
5.858027019240017,6.346015288456562,0
2.540469134494962,-10.26334327211701,0
3.317957979188787,-1.210542609021928,0
8.837533901402638,-4.563013194520031,0
-2.391033462082929,-4.356411468502001,0
9.651785905399928,-1.558684680884398,0
-0.38307586020469,7.985167836298182,0
2.578931991380907,1.249473455759582,0
9.500232713758979,-2.742732247970883,0
2.941798359810988,-10.26634746029865,0
9.640803280179421,-1.679359453264956,0
-5.376086597066039,-2.207301973970192,0
6.85903100509536,5.631107113631749,0
-4.81057047506355,-10.1474310154993,0
0.3607887028035596,-4.568313359958572,0
4.891286962163485,-9.240328738609826,0
9.251257904755418,1.413534645457816,0
4.140553727428752,-9.656506836859434,0
2.744422582566476,-2.894689317637993,0
1.895512949981568,-3.739279939844737,0
4.318905954176994,-9.564579646539659,0
-1.691593233732866,-10.92176715246254,0
1.892510283347443,-10.62187570514466,0
-0.1160387586936667,7.985589800601577,0
3.894349194191847,7.509373772164638,0
8.884983269108018,2.758185580430609,0
1.352903311680696,7.919576091439027,0
9.479693885077641,0.9438945837309693,0
1.874746616087522,-3.835620030616296,0
9.055902315855427,-3.612146644992437,0
-2.812321016887669,-4.340451342613236,0
-2.686356200303102,-10.82000088133902,0
8.838364866075676,3.002843717591055,0
2.890672261408302,1.060459371983699,0
-5.804921430196217,-1.343813573975246,0
-2.360316586193095,-10.90547628574467,0
9.099846051723866,2.248617555347947,0
3.307679231201806,0.03396686934442603,0
-1.875807145462996,-10.94908728341343,0
-6.225820490172237,2.257567677577797,0
-4.135102495939766,-3.600360653388535,0
6.292929169209774,6.135217461731929,0
3.516163773419857,7.737062544104743,0
-0.6775590021338204,-4.759499113603103,0
9.407995340223851,-2.416010527007147,0
3.195487462884257,0.3091474498306084,0
-0.9724011663906849,-10.90314237484988,0
0.8921166478384859,-4.38996938799882,0
-4.197042292652966,5.848211036837099,0
8.891054463266475,2.6287228393599,0
-6.197948789156213,1.341152140310998,0
-1.731777435354059,7.557916658144897,0
-2.490321204236286,7.052616963951245,0
1.839391936733496,-3.817896346596673,0
-6.128369101146403,2.680443137339165,0
-2.991468725345332,6.900885130606917,0
5.367173739039035,6.737074430207704,0
3.457994332953799,-9.95907858718444,0
-4.953063205697264,4.819376344032984,0
9.635093230756512,-0.01827014254285042,0
8.727228808126997,3.128872574719051,0
-2.856733365736007,-10.77404897935788,0
3.346639581565004,-0.5540266802877941,0
9.425900396700396,0.1529977025399492,0
-3.557743624843392,-3.983921880865262,0
9.501216793950977,-2.695412684009951,0
9.566005216936448,-1.543841088461951,0
7.81033620209347,-6.397997402236748,0
-0.8422708134307055,-10.99073709473442,0
7.713872780361137,4.644749923922856,0
8.715805092602187,2.809753308724176,0
6.717032981421406,5.721992912796114,0
2.279433196064176,7.89631224744493,0
-0.8973967297197398,-4.778821439491901,0
-5.30062287504526,-10.05834840482819,0
4.11337305127736,-9.824628587521593,0
6.877177302161019,-7.631867617294394,0
7.30376063308792,-7.15432468740348,0
-3.679152185137478,6.388340098825423,0
9.008294496271212,-4.09751595879315,0
3.958389939607136,7.363051730066501,0
8.825838644282346,2.96503439872314,0
7.636955222090253,-6.75622305299747,0
7.766054510879782,-6.504553056923855,0
0.8773189066032189,8.01934019435204,0
-3.946059847653838,-10.62494973421125,0
-2.988467239886246,6.811470870872993,0
-5.550467572673875,4.173136360643138,0
2.354436656123474,-3.385824847667918,0
3.409715162542681,-1.272124147748704,0
-1.211280660559253,-10.99474183287607,0
8.534747584204519,-5.207143134192608,0
4.205315763194801,-9.594703517409133,0
-1.275748255294074,7.632226357674727,0
-5.475957755578606,-9.905085562479607,0
3.294010311952237,-0.423055503151313,0
-5.674552769886219,-9.854240633758264,0
-1.253833597085202,-4.702979119317231,0
9.225373747749082,-3.69193930919299,0
-1.648948477771164,-10.84427498643063,0
0.8449863688482453,-10.78560766978919,0
3.00994701016886,7.817342961479457,0
4.553398557828468,-9.579222313782818,0
9.460280642692611,-1.631171216967421,0
3.763314177369783,7.531193298828165,0
0.7501402006556989,-10.76105653760128,0
1.151142062683304,-10.67226662520203,0
0.2515496157293731,-10.88046165371537,0
-1.739809604391584,-4.594741255962983,0
-5.22157367108785,-2.14932836713144,0
-2.927658573235601,6.835547139819944,0
-5.711208196033512,3.924079787984005,0
-5.26199316603824,-2.201162693217217,0
7.835408606488446,-6.496641475480038,0
-5.482035334689062,-1.824268522637449,0
6.11605669238761,-8.453733169642986,0
6.74666232802101,5.817468252787102,0
6.940560941205262,-7.515792863017721,0
-1.576349868920938,-10.87526640653731,0
9.145903976583798,-3.567193544736968,0
3.071097772157287,-2.498457791347646,0
-5.037941958206438,4.835474076370438,0
-5.772383288478024,3.392295345674385,0
0.8033153773409508,7.938809668133985,0
-5.895005983781534,3.140523093073944,0
-1.416519472466109,-4.700304704245282,0
-5.944322176732281,2.86575522527947,0
5.882157900285748,-8.478332992977542,0
4.165504834952653,-9.746621353420782,0
6.492226256675058,6.008798575304263,0
6.609931913305741,5.890119041418686,0
-2.038990860452222,-10.89495402898495,0
-4.537245799804313,-3.15466380712015,0
6.992525557662078,-7.449298618932193,0
-4.145096242955443,5.974280634891663,0
9.088666135358862,2.31877973939218,0
9.5308633495225,-1.900813571200288,0
3.116084126247618,7.795214731464597,0
-3.087153054661004,-10.77821170736134,0
6.532396320922424,6.028578315936183,0
5.872994047793713,-8.507364914046326,0
7.452365871800427,-6.95124124291341,0
0.358604920814197,7.884602027073674,0
9.146815300875563,1.963734522697454,0
8.787005213359304,3.05673245342082,0
-5.524141850050231,-1.751050660221661,0
7.706001928826204,4.625331940028756,0
3.110319607351064,0.4563541546725139,0
2.070502022208045,8.036804813027105,0
2.073949742655682,1.592220286608188,0
-4.222710397029193,-3.554151960556867,0
3.820809167095603,-9.873243954527069,0
2.164786198932749,-10.51751697036594,0
-5.024914879127951,4.886278183768177,0
2.503875053207492,-3.079069284357914,0
2.170405026359262,-3.655481226117679,0
-5.381992961040822,-2.108963106983065,0
9.360065203025624,-2.944479002786999,0
-5.471150951136602,4.065039697568512,0
1.544979715864499,8.000973782203523,0
3.076585884793354,7.812472255805958,0
-5.68018211249363,-1.410144452711013,0
4.957687906493684,7.083828679147453,0
-5.235826823056099,4.737918155682604,0
-6.218173510872277,1.280908695083333,0
7.174623627347589,-7.21417583272333,0
8.459270188088091,-5.506936848012185,0
-2.624673249166092,-10.7922879255397,0
9.491224709854691,-0.7296355924197855,0
-2.832581452321206,-10.7222190134523,0
6.813871451876689,5.556843873501524,0
-3.308307221931843,6.734324303580854,0
9.396516920104208,-2.854841347158925,0
-5.446695227307446,-9.92143680583083,0
-1.591544584045554,-4.564311375381102,0
1.696390443782021,1.747231255893201,0
1.487030198087766,-4.086926444344713,0
5.690090145603373,6.602387948441399,0
4.663869239354272,7.133267844203218,0
9.656571324711653,-0.7902693205546358,0
8.754138957727074,3.153876310199442,0
-6.168816951456566,2.026709735544852,0
2.532542107669506,-3.186265387179962,0
-0.93316149672756,-4.638771751635947,0
-5.509662909963091,-1.808091169028921,0
9.512791950124882,-0.7742037893418882,0
-6.174173846852704,1.735067984969872,0
-4.175091911559412,-10.56334951472318,0
0.7442535939953385,-10.9196551348639,0
-2.607431674602927,-4.424849468023672,0
1.10662542858775,-4.213173118797744,0
5.589560830751891,6.686712376177342,0
8.137331407973099,4.218167678362831,0
9.518802534852643,-1.754877529412734,0
-1.472512929323549,-10.86420888299527,0
8.881605397398314,2.617846220065439,0
-4.506538480893227,-3.106959292213332,0
7.784944508668408,-6.532630912107258,0
-1.336927825441389,-4.765582727995709,0
8.791923737393848,2.83405937052591,0
-5.601907779095128,-9.94377777506277,0
-1.128579375886718,7.747341225003,0
-4.188768555626817,5.884762315151753,0
7.891585754232008,-6.543374724371354,0
-2.048807110402109,-10.79533525964824,0
-5.199996966321897,-2.378400292476992,0
-6.240580036155455,0.2804739099248738,0
5.43364457885803,6.770255928457031,0
-0.7646307491810597,-4.652961817912933,0
3.17050780618317,-10.28665292721768,0
-6.004118569509474,3.123262789265396,0
5.979411578011947,-8.444151779699641,0
2.844124802180071,-2.836702549457382,0
5.728348560492025,-8.564095262283605,0
-4.406573586852935,-10.3964149583881,0
9.471424182683439,0.1431576069587314,0
-1.386501345747797,-4.628877630093322,0
7.095378532949814,5.37273044728324,0
9.358558930846467,1.141196854257717,0
-0.9729667035283016,-4.792548694302052,0
-6.171981791894999,0.0329526649607249,0
3.70394152353624,7.693132768378883,0
-0.5621735852434909,7.923864663894091,0
6.145348415317166,6.130976149031147,0
-4.802075912248553,5.307214436795992,0
6.74120192550695,5.623880736400788,0
9.639024968876571,-1.319904554112515,0
5.022020550574618,6.881122977453149,0
8.55102579357805,3.487365919292831,0
9.525066835925317,0.1858291040421537,0
1.28826072114465,-4.237541935494395,0
3.204049172007728,0.2725101847826845,0
-5.981467082023967,-1.123818386912365,0
7.357046591809242,-7.12062205647201,0
9.554734887639174,-1.683774779934286,0
-2.37137468784027,-4.497128491817053,0
4.873600792303407,7.171273721788048,0
9.41926893806065,0.2938918758748392,0
8.885383642525639,-4.768259969310524,0
3.063522043099898,7.825318641059539,0
-1.705367652688487,-4.642385219207233,0
6.302764707126211,-8.161299503455098,0
-1.73966676358222,7.446530348179165,0
9.566369995323818,0.1757633533943663,0
-2.437345366792771,7.14571231969157,0
-4.726185500119329,5.441110391915671,0
9.295227186271514,1.206838672036224,0
3.158215869015043,0.4406845581481421,0
-5.632469987715651,-1.523863616197976,0
4.538181395430116,-9.513803279753393,0
2.836093883089076,-10.18160554237551,0
6.314805914602547,6.128624177681518,0
7.422159242388086,5.192306042685329,0
-4.786086966626526,-2.83834256699728,0
0.9762738136667863,7.934059839181632,0
8.69621089738135,3.214349606046462,0
-5.648779426495831,-1.880267334762403,0
9.562577078607671,0.303775319121428,0
-2.699552380466833,-4.320119134934782,0
1.214534086163449,-10.68823445432104,0
-5.58605957494345,-9.862075189982018,0
0.623258352169259,-10.93135938741472,0
-2.956721924347714,6.924320847486043,0
-4.579445631625652,-10.29328335715207,0
4.658684193848876,-9.469269180975955,0
4.841655932150705,-9.359340268994156,0
8.150318184074084,4.133875120960939,0
8.082882422912142,4.232446903026848,0
-1.837301018246758,7.325242769844346,0
8.127380163897945,4.027551737478692,0
-4.153466068488441,5.953373851673648,0
2.531760159700323,1.335204065459029,0
-6.040552566514685,2.594521095454358,0
-3.60911241595316,6.399372782637606,0
5.410753268728591,6.787229356013794,0
7.781918928256353,-6.588295000177689,0
-0.8146695349636431,7.694470252269889,0
-1.999866213636037,-10.89171189942259,0
8.609739726224781,-4.932706460552104,0
8.486148593594985,-5.428773045088119,0
-5.980985294756629,-0.4432997957676377,0
4.514794093363887,7.209312860357693,0
3.288141970201775,-10.07834873504655,0
7.988166911442109,4.120267509089265,0
-4.760238278633615,5.237840010478424,0
3.044471567833619,0.4321216259572219,0
7.145573680475417,5.458716592299798,0
-4.434909672380067,5.545617429878553,0
-5.069766397563523,4.998968907126197,0
9.336148700821781,-2.855630247758059,0
2.180299431766004,-3.579658580582431,0
7.916984439069366,-6.266319583468881,0
0.5969523014921905,7.929641776533649,0
-0.5709252783332323,-4.716066781173738,0
6.304909064142912,5.985575683329037,0
6.514005691060158,-7.988787111493007,0
-5.445252544890118,4.272286102180931,0
3.411744478160353,-0.6743700280996248,0
2.987027559619464,7.818825643387973,0
-4.902586075930191,5.044463444130401,0
1.997792537027423,7.963743165421655,0
3.570886127906721,-9.959804397100605,0
7.705192926512806,-6.551149985616377,0
8.299400620896865,3.810443464583143,0
9.217232014608928,-3.439262658755431,0
0.413723669394215,8.025923312213491,0
2.664887018101773,-2.882465596260245,0
5.766097177792939,-8.661038006622764,0
0.7576186197631127,-10.78487364057415,0
1.162871997199336,8.000930367276972,0
7.528384517638544,4.750055928067854,0
-2.734689799389139,-10.71816309702177,0
9.255364837803096,-3.14863844827711,0
-3.843601760794515,-10.55402327467706,0
-3.114968442306839,-10.76406247851087,0
-2.847127705148556,-10.7008454414108,0
-2.228976931578507,7.287353307123629,0
-5.986683440975206,2.675611596336674,0
9.102027149072368,1.995621067971935,0
-2.730336130565619,-4.31203568719791,0
9.44902187317631,0.3832209200128028,0
-6.188429917379867,0.8587209202052386,0
3.226559166500385,-10.17513122160463,0
-5.623388947943734,3.992682779662451,0
-4.776076883471363,-2.908601544792724,0
-4.793601812800366,-2.765678428913485,0
3.273924492350619,-0.3767356483896674,0
-5.282032522552123,-9.943323425203115,0
3.363861248529613,-1.209726582857104,0
0.5293084192085579,-10.84713330418916,0
-5.479867519174778,-1.972796648096404,0
-1.900317248839463,-4.553333918469978,0
-2.766552581964083,-4.350932777683274,0
7.057608519175101,-7.502111691698619,0
-4.675811740106733,-10.27522757150862,0
6.724326587598498,5.597924619849336,0
-0.1792805405206871,-10.99440222521121,0
3.316726637858152,-10.13314784876117,0
0.8079827743892688,-4.314583828597653,0
4.00472742183106,7.421053742778855,0
-3.877671773761744,-10.51571194982421,0
0.9872208596251971,7.917153425751462,0
3.808013839498909,7.522731078636684,0
6.650966743550043,-7.892254149669122,0
5.276979194471177,-8.896885508981565,0
3.078858201390771,-10.21937988881028,0
3.094223054693019,-2.411150520621695,0
9.396862494669957,-2.942852453519087,0
-2.110746806808421,7.411206826072723,0
7.23283448583889,5.259167457472695,0
3.336574351266784,0.006556708196965244,0
-2.201955928078446,-10.80092334491083,0
5.031297787046547,-9.123035847098789,0
8.255805824525151,-5.83953952714994,0
9.384505476964042,0.8247967437234542,0
9.591881810421423,-0.9665924060451109,0
3.198655149100091,-10.04878912957677,0
9.487462462625867,-0.4160878675398598,0
-2.422803393444593,7.223193237823796,0
8.226185533397945,-5.782498470983214,0
8.079957305930312,3.945141950179554,0
-5.215456891877139,-2.229162792963933,0
-0.5374297280835583,7.921160442395665,0
-5.602439798756654,-1.642193641814532,0
-5.763902543835441,3.598505500883948,0
9.263818275896757,-3.519568502079721,0
-1.514634226317912,7.520480264401109,0
2.64087852221135,-2.824017020452846,0
5.618992564730322,-8.736855846921062,0
9.21580612384256,1.517749172594828,0
9.132627918539965,-3.859270473800484,0
2.745713292800468,-10.2718164229671,0
8.824646515143241,-4.494544903051731,0
4.179686593455024,7.410596463584222,0
2.92455669377554,-10.23339483071643,0
2.756944489296297,-2.783425543595651,0
-5.742110683285545,3.869212463025061,0
8.070814146220645,-6.035570341143557,0
1.593203931589005,7.990837476150086,0
-4.523747519882294,-3.292872275310116,0
5.209611679883809,-9.068741319418642,0
9.489479946622332,-1.821100103382594,0
3.348039553890044,-1.61119033256792,0
9.124907138612283,2.263258618059178,0
8.991476201769034,2.488550621386574,0
1.204859601182846,-4.158064237597036,0
8.606678784411249,3.133530427923295,0
9.457550883881401,-2.725412398384131,0
0.8921146297602497,-4.247121564528608,0
-1.355989098516452,-10.96302482307253,0
-3.043748996394896,-4.3124276346591,0
7.198604818496419,-7.202309692748363,0
-1.762036049366163,7.535723816343721,0
-2.563931085048452,-10.73252374557444,0
5.160863504747431,6.820821954603947,0
-5.727060273006368,-9.973209341231451,0
-1.471359832714583,-4.750090672925106,0
1.901771381750701,-10.68914126890797,0
1.243671038847988,-4.198239046571971,0
-0.9695045039800596,-10.86626804428614,0
-2.245913056266291,7.233466512360889,0
9.634563332163887,-0.3529595357504461,0
-6.126201914095882,-0.2501667363182025,0
8.952822924111786,2.611855305675665,0
9.620060869685011,0.1249606372981364,0
1.641089230484534,-3.921794669799819,0
8.131436056640579,4.06265202526212,0
-6.098548887088732,2.295838896459812,0
3.438027329283811,-10.06434802697019,0
6.802246011713383,-7.70739773328353,0
9.460084755460768,-1.647598670884957,0
-4.217199946729761,-3.579846047437484,0
3.972546078475165,7.536589513625979,0
0.00908720620830776,-10.9041584793408,0
1.345577505037934,-4.095224068333627,0
3.442519568350548,-10.05207674881627,0
-4.559217356844876,-10.34644607201477,0
-5.428132371948219,-1.930076752997239,0
9.47867572650393,-0.603622194916725,0
9.095712225835777,-4.104339884560512,0
-2.062866385193379,7.358007354400336,0
-5.647345896148807,-1.618544088315234,0
7.035736914948953,-7.269527637215759,0
-1.865889858549841,-4.515288949938417,0
7.919370533952384,-6.159355952969367,0
-5.437622755394584,4.226947922658009,0
8.180094576534941,-5.875175256133126,0
2.53162288826674,1.172271318804359,0
-5.095868505386484,-2.592378982860727,0
2.757887693033968,1.032378795425647,0
-6.030423614171623,3.024469490787052,0
-4.313207761259364,5.660700182361682,0
8.655793280110569,-5.106970511209976,0
-2.792687115406605,-10.69660132625989,0
-6.254995652133962,1.50245201130073,0
-6.03942487410293,2.515587643670031,0
5.708679791790149,6.596526737770913,0
2.692492074549869,1.131254569842605,0
8.933571956510528,-4.24873742969618,0
-5.372501237232105,4.336942538244543,0
-4.212573829095504,-3.379735030520922,0
0.6817396591765676,7.933405048285599,0
9.479850361332661,-2.885815249123879,0
8.273346435144116,4.077175174861929,0
9.453179048888666,-1.807125434127174,0
4.656146712173481,-9.470310548012753,0
9.237012911291357,-3.431138898236548,0
3.369630217423598,-1.216098590526713,0
8.643314344953806,3.182647167967756,0
1.729168419081087,7.950480460043204,0
-2.955825753466619,-10.71570015437869,0
7.770413604936225,-6.659743065440776,0
-4.733828407362174,5.141866202626877,0
0.6384040901585439,-4.387563498788427,0
-4.341754878919145,5.701451591123859,0
8.706465846179183,3.098516339739315,0
-5.053878010853182,4.910154738012232,0
-5.358202621311329,4.395987752101647,0
3.132643078830829,-2.193033727592275,0
1.081875408628931,-4.347477170429268,0
-0.0679628330120389,7.820685112374235,0
8.940497600545612,2.49681916917736,0
-2.433416955929288,-4.475472000221313,0
3.45082963332616,-0.7259425854728053,0
6.72905174061918,5.866461210899832,0
-6.284199944009154,1.624078497566262,0
-6.337333956351799,1.338901466545298,0
-0.2285019989130067,-10.93651666032352,0
7.651326912001135,-6.647678230224589,0
-3.055661600232591,-4.158309698594327,0
6.433288501967658,-7.913497457655432,0
-5.232249899731878,-2.331585265681534,0
0.3510640421153651,-10.86141046546374,0
6.426935131967585,6.134890354137394,0
-0.4045784039843077,7.879090149079949,0
5.957686576678385,-8.463417943020623,0
1.087982108245533,-4.371126019167789,0
9.526073957117031,-0.08127271198761256,0
0.08484367156297783,-10.80878878765686,0
-0.338058375700958,7.827418989250988,0
1.23863089501509,-4.223640924344014,0
9.10884665481705,-3.89329239696177,0
2.785031160655222,7.784690855479113,0
6.467200581817604,5.993876127105288,0
6.253216588744241,-8.290670495613409,0
-4.710327488873109,-3.058594978764154,0
9.579104599233069,-1.31466540258325,0
3.862678046192917,7.519288229040461,0
-3.781998498273077,-3.82424263620949,0
6.201214678003885,6.18175165881929,0
-0.8005219590765033,-4.687566932959255,0
4.407808304008432,7.298408006211152,0
-2.604108676655402,6.982920891891293,0
-5.388242710894366,-10.02202630253369,0
1.106926556346917,-10.7443607866257,0
-4.501694957406586,-3.273519736244154,0
-5.434431443568021,-1.880082762558781,0
8.444498459349447,-5.477428530687165,0
-6.320312596584402,1.188919623666095,0
0.3621387327413637,7.991615147592712,0
2.641509124344721,-2.867329443136085,0
5.014690307529648,-9.11377140566429,0
1.670477342393286,-10.54576338952327,0
0.4697372330118033,1.755967427795923,0
-1.176324645599628,7.764031117963968,0
-2.242336623477799,-10.80341888023576,0
-2.864015534438817,-10.86754018712311,0
8.54398133433309,3.356620673431091,0
2.032562486418318,-3.563970594859762,0
2.686746011173903,7.904748137305267,0
-5.769985218475625,3.345766313509213,0
3.238013009704212,7.637184653218206,0
9.555561109211331,-1.021890455165704,0
9.168549992225389,1.656482020513269,0
9.303993327955618,-2.706380014867675,0
8.259397106958856,3.720395359662244,0
8.865139525395504,-4.384176632903412,0
-4.773688353736133,5.255521464696311,0
-0.4296364627855146,7.866506040769558,0
6.058364501921,6.238682411437022,0
3.321983124355975,0.06971054300086887,0
-3.409845099388581,-4.02841953571681,0
9.485063584140066,-2.010290348768636,0
2.6890662213049,7.858164284441955,0
9.096534339323423,2.285374147823828,0
0.1995934527492246,8.013549274503088,0
-5.303540837828242,-9.989479477481776,0
-3.570706906775455,6.598749904686539,0
-3.600727091027964,6.343984444554544,0
-2.50234259068704,7.093967803337276,0
-4.704513032007881,-2.992312678863872,0
-6.269189924130022,0.8510196012269732,0
8.247134212568522,-5.71179965954157,0
-2.266369652255216,7.320641924395654,0
1.981282365845042,-3.873111847570266,0
-6.183608447753408,1.744289669315853,0
-5.659216502062661,-1.580463489396673,0
1.919226998554273,1.631495082814813,0
9.10263917091314,-3.947377984756437,0
6.008713928905366,-8.314987979664595,0
2.051283597166668,1.643428610336123,0
9.187762590840586,-3.239257562358321,0
-3.530177956612816,6.557683550985104,0
-2.132756337696926,7.33305284141178,0
7.679736475799102,4.797952062030626,0
-2.072255276142515,7.210208557368067,0
8.746377258991377,-4.59578347764846,0
7.362052794925627,-6.934609884240628,0
1.401627617289594,-3.958148634270083,0
-0.975656290714866,7.745595800286804,0
-5.135099602083331,4.6577605716869,0
8.932040277601178,2.371405215567779,0
-0.4807184928079571,-10.92536576409745,0
-4.773546173338512,-2.741259590747879,0
-3.954315275193917,-10.52082833081973,0
5.280404415960127,6.754981340776673,0
2.512261224170199,-3.344182083407186,0
9.155442890072983,1.803234149530879,0
8.620034816987117,3.300692474442828,0
6.17916365880142,-8.217872485666808,0
9.571107044632667,-0.1219401035587881,0
8.220812941577964,4.098130897590633,0
8.474209416435011,3.419890975404189,0
-3.277516201172325,6.636628282358001,0
-1.942314115498482,-4.648153000927,0
6.104570185222733,6.336605531679941,0
-6.016914057827804,2.938172159387054,0
8.494432958106263,-5.217173382847833,0
2.24240496468635,-10.58234762909182,0
-1.771934205251827,7.440031150224274,0
-2.669233486384579,-10.88805245994343,0
9.578830237785862,0.2473268930374228,0
9.030439989499589,-3.997834453090268,0
6.462916745976977,-7.884189791921361,0
3.191091333166964,-1.968047556263903,0
-2.465285839155849,-4.469757860127499,0
9.59041873654817,0.0007853796695159593,0
-2.900238569245206,-4.273363982282407,0
8.382620715125295,3.736146668963932,0
9.615097632136095,-1.772261630054663,0
-5.521362155404931,-9.899021802786661,0
8.256683178349194,3.822972746228957,0
0.5890116446802599,-10.81925062093701,0
0.2310507741135358,-10.94181774037246,0
9.422215476328761,-2.474449492013425,0
-5.016289105920429,4.966497312221896,0
-1.674850131717472,-10.8400198294431,0
3.3785038666123,7.734660065713792,0
9.320746458495922,1.559691574617674,0
-5.1536442023555,4.633480329658958,0
8.793609341681012,2.721354157616991,0
9.223596796749078,-3.327684794994457,0
-4.762689632609987,-10.21314844535183,0
5.032133241127881,-9.040790849646202,0
0.3708052571041479,-4.446487757225533,0
8.01251391784726,4.321728565807735,0
1.528338403403436,-3.959761238494657,0
5.905515329474765,-8.522734382353198,0
-2.312488797868055,-10.76108914923656,0
1.610395900804589,7.967449003502285,0
0.5713581264186497,-10.74919471690435,0
1.482399257574192,8.080268313708002,0
0.8602545793803538,7.940574219880619,0
8.269781064291461,3.925116198716343,0
-6.19657498905911,2.344056354638632,0
-3.795296368758499,-10.58758699681789,0
-5.653394864616339,-9.816241052309069,0
-6.336077898632807,1.536391632837194,0
3.474571212883427,-10.0144043322836,0
6.086130152642975,-8.55122699274124,0
-0.08155004169405947,-10.84815702508618,0
-6.11326599384814,-0.03680639282911127,0
9.294805700774289,1.652608024256399,0
2.799723921775202,0.9314253110967721,0
2.236973277961341,1.463224236901682,0
6.161492655976332,-8.438171534787951,0
1.607761919195577,-10.67977038448516,0
-5.916654870203263,3.451860055142315,0
9.305556541744776,0.9688982146733794,0
2.608491474419318,7.834376123684652,0
6.104622496691618,-8.265077765667924,0
-5.299883098827467,4.532524116713049,0
-5.478512815300197,-2.058412149773309,0
7.82364051961034,4.588391640629371,0
9.594720134507632,0.3027943185431073,0
4.001105542423077,-9.785995853500514,0
0.7896998714148286,8.035843133846528,0
-4.689156084340995,-10.31160317583717,0
5.759445730495665,6.517325233693411,0
-5.981625033055285,3.165337325079552,0
9.155746207208507,2.003642817526506,0
-4.854215957319149,-10.22262231345302,0
6.720500516004146,-7.691334931458981,0
-4.608487242298835,-3.074272147415984,0
3.418580241646294,-1.274848298796027,0
9.115645379366551,-3.91289438411034,0
5.401394123397539,6.711114347665697,0
9.547590212175626,-0.8605633966824313,0
-4.288100552159495,-10.30507713502358,0
-4.924293493822455,4.998426591068112,0
6.413238742812551,5.908578675207404,0
1.238567559391367,8.100403303656691,0
9.493898697878162,-0.7104859532628022,0
4.655171458111376,-9.483238184790098,0
-5.046134819665862,-10.09546328691162,0
9.521821953893417,0.3396686475176995,0
2.82518048040551,7.895476953582834,0
6.214098378103282,-8.311069290313384,0
8.224132375881283,-5.736999180244701,0
3.385504596358857,-0.004889804336798059,0
-6.201535954138262,0.4027534424524294,0
-6.202218478845259,0.8886938742457677,0
-4.553490862597493,-3.065820951208329,0
2.10941848056319,1.555148655749724,0
-4.376099236885412,-3.371534277332949,0
8.296996302538005,-5.749267719958778,0
1.111972974001056,1.927816858616354,0
0.4676276132402755,8.001185366317586,0
-6.139146729531121,0.2996993584661294,0
9.042452179747182,-3.841395810784928,0
0.01314010251302819,-4.553526299833218,0
-3.688470866533855,6.406008538719256,0
2.886106716608888,-10.17367050489223,0
9.562518398882323,-0.6667248932654147,0
2.306246435368487,7.852215366437649,0
-5.90936447236446,-0.7989963591389607,0
-2.301072868043714,-4.458032753726169,0
4.628966259381593,7.136353604084367,0
-2.197825989543842,7.321169587663976,0
6.11305980423028,-8.38461630383248,0
7.551410132608449,5.042121523824947,0
9.499396909958602,0.3050245883437133,0
-6.187279659405206,0.6891214425350359,0
-3.904495333466138,-10.57963690578847,0
-0.320327985702304,-10.99042213372928,0
2.759302268262988,-2.978376483966306,0
3.235917350594782,0.2367080743129475,0
6.865475750018055,-7.633925203970156,0
-4.126751802192873,9.793153986687342,1
1.751082521044468,-7.352467742737224,1
-8.800785378051689,4.150611129780089,1
-7.372081564113889,-4.724488492487749,1
-9.119870271700492,-0.6112446661248504,1
-3.121373518974584,0.3107399910770795,1
-0.1911343161828125,11.12109809323729,1
-0.3306974563842866,-7.724781348318975,1
-6.148917406791625,-5.845317156550121,1
-2.856777447734151,2.471589634238482,1
-7.841169523951566,-4.134737699766692,1
5.740934197810695,10.26617193217643,1
6.458856804796968,-1.865832859361977,1
5.311683167479061,-4.651139572690288,1
3.876226821036472,10.79833060555063,1
2.648639978183386,10.94743188633902,1
4.339471659959957,-5.824736671560933,1
1.715754356848437,-7.415316670032889,1
-6.375784269238704,-5.712476919022701,1
2.116522066033657,11.01092048247763,1
4.833196499123896,-5.277591584463492,1
-3.547079218498677,10.17169528375424,1
-2.935511481535622,10.30138635085327,1
-1.576115579951934,10.91392465014857,1
-3.685621187987736,-7.33165261597545,1
-3.90357338778086,9.820675947731381,1
-6.051597748289438,8.351960686121215,1
-3.45853124575101,10.1888273292909,1
-9.322172326423701,1.821871190070153,1
6.461452497778522,-0.009480082820666466,1
-3.426472488489258,10.21766623393221,1
6.458594629789206,-0.4303702513140141,1
-3.55735261593372,-7.441903561689345,1
3.510033096567431,10.80570257563952,1
5.750219898741514,-3.742349126260958,1
-5.910895392866749,8.557863386232691,1
2.700401499558247,11.0174675411963,1
-2.842150589344834,2.633336011257617,1
6.291252626343733,0.2113737198920397,1
-2.531860212120935,-7.671785226588567,1
2.22519091638233,-7.253625150622715,1
0.3618845433434552,4.93047996628925,1
-3.031696165637597,0.3269306386866083,1
6.547056082582636,-0.7833322947836514,1
-8.82289982999515,4.172554720127821,1
-2.618732955886269,10.40797504019039,1
6.324134354218002,-2.112732759222804,1
5.067615760537606,3.085836136201573,1
-8.315099514682288,5.394795841013305,1
5.788063962199165,-3.973630411818885,1
6.352927437360179,-2.165715345507531,1
5.758575558481431,-3.800192814739674,1
4.12008763575897,10.66875342992196,1
5.110919131645547,-4.843891535385247,1
-3.168630424648549,0.9384486727413206,1
3.255280571649801,-6.700726180655537,1
-1.886522748018594,3.75841032695992,1
-3.697687359394685,10.09953840805222,1
-2.112334388096575,3.512444714888264,1
0.228487395745208,11.06558528088181,1
-9.276496798618311,0.6705760944620434,1
-6.495665504593707,8.105959721555381,1
-1.89514687219398,-7.772523912906887,1
-8.406541363101782,-2.949903240788026,1
-2.965419683803772,-0.2430021644451021,1
-8.297948503623065,5.644577177307412,1
-8.513752255705599,4.849050397473414,1
-4.209630547516442,-7.136863144390666,1
-8.9005399783822,-1.735638240480929,1
0.2342555487191512,11.05156739124294,1
-4.080827566989181,-7.099704622494917,1
-7.448165362040243,6.886365844195248,1
-2.741936564114172,-7.518899789365571,1
-6.24211104855213,-5.927255011618822,1
-0.304154393961075,11.11988617356956,1
-3.132205318547047,10.2129373131363,1
1.625094402521986,4.919592602429381,1
-8.904036788238734,-1.769897261438279,1
-6.948188061049495,7.61736510601531,1
4.455102762827631,10.5884606267741,1
-7.533770072119739,6.749600503531116,1
-3.258713921331893,-7.4277191590357,1
6.361953207618301,-0.4246469038183963,1
-6.234282863363899,8.103847237199652,1
4.596708379789756,10.51503301153792,1
-3.009950633066666,-7.506634089784745,1
-9.11037198040415,-0.9707728477057124,1
-5.090174554199302,-6.786883504429493,1
-0.8954748435510684,4.468026613396129,1
-8.502649772853916,4.964759889223837,1
-8.188330778970116,-3.374857021168161,1
-3.869815984533505,-7.162507878218222,1
-7.694110463497239,6.685517978240297,1
0.1983815691214965,4.73609824818443,1
-2.038781777642838,10.63164476157505,1
-8.686127755210077,4.510584396108253,1
-2.30404662002747,10.61362057885449,1
1.625443612805029,4.940691337365389,1
-8.073359349866076,5.930010512034236,1
2.327761084654048,4.669056380023693,1
1.989513641824282,4.76438668785655,1
-9.441053471625446,1.229404460755967,1
3.6775948609988,4.235780659672851,1
0.8666400708383912,11.16769916250662,1
-5.418612055508689,8.940140377133295,1
-9.269824873995573,0.738646482293252,1
1.788004075939661,4.778444395410943,1
3.287437945465246,10.88778466465414,1
-0.4463948044097182,-7.768577937777689,1
-1.955449641273201,3.739784970717182,1
6.373021746239077,-1.787502695027749,1
-1.654399201490394,3.93663163959739,1
-0.1013339145299085,11.16838252076595,1
-1.56189257541536,10.82982187035424,1
-7.513214760230449,6.797639472628,1
2.501009389059541,11.03340921009787,1
-8.719714434061336,4.727066000985441,1
-2.873665684386256,2.69974998298137,1
-0.09165340487253384,4.829221971357172,1
-1.968480182961547,-1.417222059668096,1
-0.643712764985114,-1.689995374069399,1
3.080243848988604,-6.849397338087161,1
6.452412185951949,-0.7387427962082193,1
-8.254930738454345,5.529233469414067,1
-1.33164196071718,10.88957508465113,1
-3.180368580943178,-7.526792561615412,1
-4.105566394408725,9.920322617536101,1
0.3253795476289899,4.850302178461705,1
1.249828496389304,4.833814571617433,1
6.18568112777784,-2.867347807662688,1
-2.582602147275123,-0.7916086482873687,1
-4.922913109784267,-6.684608772006481,1
-4.413833809165321,9.571251066720821,1
6.278161068036858,-2.696775898081353,1
-8.777568021630627,-2.302209760752948,1
2.671872123036204,11.0830858752187,1
5.520708431202628,10.15797774988086,1
-9.336469253826046,1.703387942368275,1
-7.394338778304754,-4.673702975657234,1
3.321440259781092,10.94518558560183,1
-6.428546953409001,-5.685228997676997,1
-2.425890547160624,3.132076415162035,1
-1.687895380843712,-1.444922580184452,1
-1.138568799275676,-1.693657413198677,1
6.096023287833443,1.247389026461019,1
-6.072986704962181,-5.851606214316402,1
-2.926629984302293,-0.1679172043970642,1
3.014959623648553,4.589218239467781,1
5.707131110133087,-4.094363595767693,1
-9.300250168989962,1.861619687101646,1
-2.909951958861601,2.314855628247505,1
-1.50261913821058,-1.62130210053456,1
-9.0802181785744,3.742305326676721,1
-8.906618475591026,3.958034904028923,1
2.800833419963582,-6.729388556791723,1
4.10148435440512,-6.148146261589512,1
-8.12979787880824,-3.500450796549645,1
0.00994134315003109,-7.870291654337962,1
5.638719097398511,-4.012551822570627,1
-8.465858181816865,-2.956799669106047,1
-8.756487506808286,-1.955005817377906,1
-3.568371142630996,-7.416311718615654,1
6.108808462847735,1.210631311359387,1
3.440306456594878,-6.571145441592656,1
-8.962313599029327,3.673672328051312,1
-7.572356363896716,6.681886884148848,1
-9.387202576078469,-0.1507826735970162,1
-5.013723758042487,9.248921707209266,1
3.681485542805778,-6.303985210689296,1
0.07162346941483104,4.733168788648362,1
-9.092306991442086,-1.377945472288592,1
-3.193384720118873,10.2418056183614,1
-4.841974440308477,9.450448100057098,1
3.774215073090331,4.046269818295953,1
1.133273602789465,-7.618469057031453,1
-9.106576445488914,3.325633124157097,1
1.247705698104087,11.10615662527625,1
-7.09764898635157,7.429217602430978,1
-7.141263178970626,-4.911737063657157,1
-8.588224790141574,-2.620838354872923,1
4.875128402443103,10.38555636103039,1
-6.019600222754671,-5.858843718853993,1
2.655234178496785,-6.87681446915703,1
-3.093853169603275,-7.42929807014901,1
-5.674269213026214,-6.166531088784331,1
-9.395630676306403,2.310898849250382,1
4.092693109335392,-5.995264664382352,1
-9.337080976154128,0.3475219152755193,1
0.7392899211609938,-7.599529606248261,1
-6.999185662957275,-5.053713349546905,1
-5.744098599187548,-6.235802310400861,1
-8.57704057747199,-2.860101440860789,1
-0.5607193416490422,-7.876025743251202,1
6.438923141440331,0.1256256108306469,1
-3.839945216773642,9.958064009413,1
5.850259961506441,-3.47578588909946,1
3.062134664888516,10.88197336586308,1
-1.293686235798779,10.96270788633673,1
1.648606512158681,11.17135328239134,1
0.3606686440016585,11.17567757976746,1
-5.854763412454203,-6.152835204584965,1
5.393399904315328,2.472278533474376,1
6.018690953008744,-3.059746631441426,1
-2.525395820214645,3.071887255368936,1
-4.611009976047148,9.536554683223253,1
-1.495180136947628,-1.659518906848081,1
5.254941318883622,10.34771052952072,1
5.295982603229732,2.808343855084716,1
-9.390470255954568,1.017904372621702,1
5.590448965488387,10.28696240639226,1
-3.553659833890385,-7.31788894425799,1
-3.535669439066703,-7.380149739856098,1
4.47680226084709,3.567093715495407,1
-8.93914046624454,-1.710052648181652,1
0.9790665230719509,11.18256612244037,1
6.273192364668636,-2.234888070623593,1
4.567474877772398,-5.577327512394444,1
5.731463249692299,1.977457354740743,1
5.33502733696614,2.726216659388531,1
-9.29026478761044,1.776016626829684,1
-0.01894891376168553,11.01984199614222,1
-9.087391301451349,-0.8388423399570705,1
-8.136890665566998,-3.506189518877735,1
5.049568184396602,2.923090746232919,1
4.507835500518284,10.618127135435,1
-8.851844147470274,3.855962438461034,1
-1.064155423703219,4.362711010851872,1
5.131609292954254,-4.993778782596397,1
-9.088550242980334,-1.044583842894574,1
-2.099946953629399,10.67662317389871,1
-6.589221292221379,-5.497664559982335,1
-2.952335741628937,10.31143620646718,1
0.5167951771470346,4.924597213741086,1
-4.506604602656045,-6.932340368914875,1
1.0312503614807,-7.546735049692536,1
-0.7522460378602418,-7.804628899526246,1
3.587598991235093,-6.40372732522644,1
-7.696374880185855,-4.248768061508374,1
-6.550146221555639,7.977163877601702,1
0.2269963785399814,-7.755527340384405,1
5.686838989396078,10.20578420362676,1
-1.278777701030728,10.9261143775126,1
1.415763601668736,-7.417212322519883,1
4.753165541550406,10.4830386127093,1
-7.620480011028639,-4.441427267239883,1
-1.893734089905686,10.7885780209462,1
4.82087070163414,-5.048888127147497,1
-0.6437442063520317,-7.722249108921598,1
-7.485394760366475,6.652853937123171,1
4.633422830185531,10.48843806652087,1
-1.043296045823104,10.86245500088257,1
-2.414457652902722,10.59449542982921,1
1.080381034338105,11.22741213140045,1
2.987416985868872,10.89437616161575,1
-9.159983101866755,2.992927039809147,1
-2.584220294407442,3.119780611103555,1
-3.607972068225602,10.12162734316099,1
-6.908461936623094,7.489001543869453,1
1.622114265450864,-7.439426944492443,1
-9.297898235128661,0.3785670548474945,1
1.786982276962029,11.07187299714873,1
1.918470231669113,4.752178675017108,1
3.577687391863745,10.9634009565533,1
3.931271090600291,3.995631506157693,1
-4.796808447547893,9.408253821575389,1
-3.960975020935981,9.824197217686837,1
-7.006642628743102,-5.109114805664052,1
-4.225873169620461,-7.209797595310262,1
-3.601263948667925,10.07142520361732,1
-2.86639900774389,10.44460539080447,1
-8.677267648069096,4.449935741584253,1
3.36748382959522,10.94713611445946,1
-3.211590212665246,1.201678529225796,1
-9.277028658712231,2.48153810950526,1
4.845707535068719,10.38838797727187,1
-7.497155909393739,6.879430380568283,1
-5.661750745702777,8.709846137867792,1
4.690659283227642,3.542307952063872,1
6.310741815639953,-2.022045286962134,1
-2.87362632332602,-0.4933380843493194,1
6.456659871889977,0.2540341666648694,1
0.6386388228685853,-7.693998880198005,1
-4.181218093459587,-7.043720251243404,1
-3.897416951605677,9.804350386450599,1
6.110204759208512,-2.95083430915316,1
5.355148041330318,-4.490276233197744,1
-8.878425649377885,3.987445395202151,1
-4.281875100494912,9.699285052657768,1
-3.462967955795133,-7.5042992389035,1
-3.12233484671605,1.211742305113532,1
-8.300073328766764,5.757847982541328,1
-7.709380436564263,6.299875820346438,1
-2.468335183129824,-7.576314879815223,1
-8.014469510281168,-3.625212987345196,1
3.622762906520662,10.79329668201947,1
-2.594190900879909,2.989529478985744,1
1.109647179829565,4.922904510575386,1
0.5945020057581931,4.896893138265131,1
-7.681626654492734,6.716115714735893,1
0.7768014106556483,4.811401152428481,1
-5.083006958057388,-6.545231769086619,1
-5.965796528719304,-6.142216449551149,1
-2.793359663197034,-0.542862087424979,1
-8.64756120728048,4.958282718689511,1
-7.6498965178022,-4.271084370715247,1
-7.241435150950263,-4.7084648924148,1
-7.432942317602964,6.816236601693785,1
1.603905007466639,11.16876194319553,1
-7.520745438796581,-4.643422347016579,1
-4.838400562837295,-6.853070992115094,1
-0.9544061527961931,10.978333409852,1
4.357268432234458,10.71139162447576,1
6.428015846172375,-1.966477513074002,1
1.272476568824146,-7.447368439010075,1
-6.642158326262173,7.903756882262562,1
1.357287191701863,11.09975811437277,1
5.292452315357865,2.560700493344453,1
-7.170488252034937,-4.998650179003036,1
3.518613553489768,4.402920544941387,1
-2.396746053951633,10.51446580744435,1
-1.163924324531986,11.01587244463469,1
6.180630476998207,-2.314752264304971,1
-8.533931509561661,5.129515385322699,1
-3.705305015228872,-7.331178736146436,1
-0.9595918036382415,4.516087273882285,1
-8.663348593506562,4.755185580835708,1
5.681074305491802,2.126791281381114,1
-2.884375288515389,-7.487784069752554,1
-7.083243328056663,7.419347666476852,1
0.4254487009260243,-7.815673961304895,1
-1.662254209599471,-7.694261352656344,1
-8.238138521825185,5.465730152053543,1
4.46120993228424,10.73801834372353,1
-5.003304086385875,-6.749625162810321,1
-1.074140990283844,10.85758629807624,1
-7.916760532947552,6.27169876853823,1
-6.514026737813857,7.924544380112234,1
2.474034152235297,4.711536510208131,1
2.795381921898827,4.588585514112557,1
-2.857059562114701,-7.499135870359718,1
-2.185614610701852,10.61823289381913,1
4.848014484842338,3.364524578531329,1
-2.834816842497738,10.40621043169721,1
4.091416271633716,4.072821224960157,1
-2.490065226993756,3.13951399949637,1
-2.532885310507761,10.58349692886578,1
-3.251175950267879,0.6063118178410947,1
0.9415925947415178,-7.53579729344984,1
6.282424011465459,-2.085321561567069,1
6.504206429772003,-1.500807608419139,1
5.347137022526841,10.23410025261498,1
3.552815687438712,4.155703786795085,1
5.043646547660626,-4.827280527142192,1
-4.730188842724942,-6.922414235375332,1
5.794717576630855,1.860349524023057,1
-4.569452256050139,-6.828449920844444,1
5.936947042080506,1.71065942455347,1
-8.208231654731941,-3.472171104788921,1
-3.938486109597108,-7.298909508196846,1
3.163009215657107,-6.652420396392078,1
-6.790467991576155,-5.251407972668855,1
-4.462499390769311,-7.01499605977707,1
-6.42643458333225,8.083439272757774,1
-4.808082384823697,9.346387772049487,1
-0.3175380660004914,-7.75113972959723,1
-8.506796285513701,4.990699630559495,1
-3.399914253614545,10.05560013903875,1
0.7132356154816916,-7.712559638974268,1
-6.325086339173946,-5.699009455520609,1
0.7350743298108084,11.21816021576197,1
-8.298150236492647,-3.156539960956495,1
5.075578345805209,10.45335601681505,1
-8.773198905894516,-2.135850290752321,1
-9.344842722806364,-0.473165891543895,1
-7.37186610930973,-4.60578890465065,1
-5.749911296126074,8.641491515691541,1
5.776227451958781,-3.85518716825867,1
-8.525397265572208,5.103186203756598,1
-2.547412787373032,3.1517333807502,1
4.069770575703379,10.71049376445743,1
3.236007398304508,10.87072735910075,1
-9.360447634170487,2.380523939751726,1
-7.822231129491682,-3.924503673217635,1
-0.960750345008605,-1.651364275688505,1
6.381586187584018,-2.108776207815411,1
2.987084449509765,-6.795373509561743,1
-8.969103405575677,-1.265211056586837,1
-8.926251982941301,-1.809844959582119,1
-3.667766326794188,-7.276047262841576,1
6.137378213038941,0.8456478123862384,1
5.821313168788119,1.831084758193557,1
6.101696606623087,-2.818674705458613,1
4.883353460659456,10.51478340441967,1
-0.7971429585655265,10.89212444227811,1
5.964688814144576,1.369457765114964,1
-3.670448708137922,-7.389378775783488,1
-2.06825355867849,-1.245394696003782,1
-8.62355660243205,-2.671062174481459,1
-2.358702947628771,10.5978509463413,1
-8.739195878944217,-2.2674566884595,1
2.589559007697193,-6.958437927037608,1
-2.554139815721271,10.57769677823654,1
6.211546125144925,-2.307173372564123,1
-0.5219443917504601,-7.806392743158879,1
-5.049379570595878,-6.682661384276163,1
-9.184036061949444,2.541444940018725,1
-4.583761460799344,9.460401011055811,1
5.449272436425792,2.461836103691767,1
3.57307693942395,4.152946469623976,1
-4.171350461066049,9.695236572828975,1
-9.152670019838052,-1.112147690379577,1
-9.419918660921814,0.9487782276523264,1
3.790969938500782,10.88664456357339,1
-9.315783430698692,0.8758860042465691,1
6.428319992448934,-1.249562572744266,1
-1.937536972912346,10.77257339122596,1
-7.793262470512459,-3.95060145666791,1
-8.739071308279957,4.6031025480009,1
-1.925716817982785,3.940396991879782,1
6.187916087295779,-2.772684322105153,1
3.32773370785603,4.283869068887063,1
5.911745825192864,1.578970496652875,1
3.851137385393838,10.70071121021279,1
-9.156749530539114,2.947859528617465,1
5.786485006700195,-3.805868770410178,1
5.228837156225891,10.27212362270643,1
-9.329320675825313,1.864031542914825,1
-8.293605094140526,5.636441152522342,1
-2.562922704663843,10.38124277330719,1
-6.774809163085958,-5.382061798046756,1
4.802644588214859,3.408860801332642,1
6.206939872230524,-2.751341341648883,1
1.223593190985438,-7.594285726497116,1
-8.826838325971572,4.259281206463496,1
4.222600104358726,10.61469112531753,1
-2.757893281406617,2.911884519600298,1
-2.788567181295744,10.33276795456195,1
-1.792040567499211,3.910513694027524,1
-1.992273691950625,3.597243862306408,1
-8.15865940115625,-3.467026432773833,1
-2.118883667323686,10.66541617568469,1
-4.928867555823548,9.418713592952573,1
-8.672904771331151,4.469996390678233,1
1.013029585237734,-7.69823670977115,1
6.13881870952752,-2.918047744189688,1
-2.964053262968945,2.015499852462463,1
0.5859858627663567,11.21871595959928,1
-1.046381476407298,-7.788078867944671,1
5.2596561412905,2.773945133100442,1
-0.3987369392553905,-7.76948444548237,1
2.402055041886927,-6.997425261265422,1
-9.438039618531107,1.002644745162641,1
5.811480423702599,-3.550920770061742,1
0.4128215043188848,11.09637834218266,1
5.961068086690531,-3.273058267236362,1
-9.206509461375727,-0.4628339531656051,1
4.640963644768467,10.55048537103592,1
-9.062203377086549,-0.9311733401336941,1
-1.191790577193919,10.94637343183085,1
-9.253985981814827,2.843099340486329,1
2.914033845311175,10.95695474814793,1
3.190629709781138,4.470736165241171,1
-1.265964839594345,4.325030919772313,1
5.805518058803409,1.813273453421235,1
-6.398312413961579,-5.678520162206944,1
5.581525555074683,2.270738160145178,1
-9.161383654320037,3.201691813161116,1
-8.875765243055687,-1.916198328009983,1
-8.755495897670086,-2.319515382786498,1
-2.271976211156807,-1.085531336107848,1
-6.490807563449043,7.943429636782675,1
1.744713531993913,4.897556819218337,1
2.413909639018786,11.01456873957229,1
-0.4159781749742997,-7.819354527366281,1
-9.041671253755624,3.418288914284345,1
5.381480252502215,2.673256234940201,1
-4.692881901036497,9.579103019271617,1
-2.080986710127338,10.5819141484395,1
-2.890843727663489,-7.555908435722033,1
6.166940056151369,-2.524665947869107,1
3.197360726263953,10.88649503173523,1
1.68475167297274,-7.429057809089223,1
3.91327089994282,-5.974254224080715,1
6.510615684474728,-0.4692048058567505,1
5.061312542288595,2.965054097979039,1
2.344747125128173,4.829217528814096,1
-5.564618208785737,8.857688518718934,1
-3.012278786805049,10.26577140656192,1
1.820137909580755,11.13617904892402,1
-0.4063894638893587,-7.870202678964708,1
-2.546270441525978,-7.626913081872289,1
-4.017037666027809,-7.245943781579806,1
-0.1688149550346706,-7.879149044139934,1
-4.18524261060533,9.63303140937462,1
-4.228406823940406,-7.092762616693792,1
-3.99581489602482,-7.174232792684858,1
-3.386921392032043,-7.39480123026221,1
-0.5376039494509658,4.624301318186272,1
-3.175200030227366,1.104839021100953,1
1.167691257627953,-7.614543707072252,1
5.378386713578953,10.3105548224746,1
6.376190033112449,-0.7327607180879805,1
-7.045976746546295,7.350549096894778,1
-9.334820074633448,1.133305273358777,1
3.205919885496802,-6.520423686345794,1
-6.870510456438803,-5.3210365388138,1
2.85730069055918,4.531447979306899,1
-0.1706504518465798,11.11832473539933,1
4.949564847857463,10.50280738644608,1
-7.166110453709953,-4.99875250639093,1
-0.07714008983537565,11.12683456348978,1
-6.304929844327356,-5.721388241712994,1
4.868640695579319,3.103422305502142,1
4.435485743363352,3.629651621598362,1
-1.421236471122355,10.82505680263844,1
5.874185699119351,-3.542011171005386,1
0.7089767096468061,-7.73949023402939,1
5.320274067354681,2.654124099736794,1
-9.015950613460078,-1.620421707113029,1
-9.306151868420987,1.848494102593051,1
-8.132961436942725,-3.645148432935164,1
6.419284504688807,-1.461167002217184,1
-6.848274013903471,7.648856298875911,1
2.798247290323987,10.92156265987093,1
-3.126067305618502,1.230200826101322,1
1.540586452072723,11.2176140947983,1
2.431646752640706,-6.97657040983638,1
2.55869122736599,-7.057064466570283,1
4.254394940806059,10.78102331718174,1
1.84088321950451,11.026848604957,1
-5.251464465319573,-6.606763448479875,1
-8.513090356559829,4.858860212086923,1
0.5126526104770973,-7.690460492078277,1
6.319450202666371,-2.288820452798168,1
-5.741761858521018,-6.211689016359474,1
4.751319593837121,10.48790353356118,1
-2.974019450223776,10.29248051889437,1
2.9250645569618,-6.779859260775633,1
-8.18362694970506,-3.270907584949096,1
-5.931288772233974,8.670636985620352,1
-7.673093886628859,-4.422852750881328,1
5.813744764605269,-3.577578746595754,1
-5.964257465348159,8.542113802069135,1
0.7077579905772682,-7.68076649226907,1
-8.073179647944357,5.800876546950017,1
-8.749767174506388,4.768750201523847,1
-1.657658827153388,10.75636547770755,1
-2.799052726653724,-0.3752850535912322,1
-0.4587915460044959,-7.706937627433968,1
-2.035851664893066,-7.715177360958722,1
-1.046052775671987,-7.876091548167324,1
-6.970533720510264,7.359080300556201,1
6.462835228902707,-0.995236785147229,1
-9.186520664848398,2.887113896032433,1
-3.254467360113211,0.8398794019330355,1
-3.188615824349258,1.566763543624942,1
-9.4363231394221,0.4355305266521999,1
-8.79612747863394,-1.9470553143822,1
-6.46946854552469,-5.72047443118136,1
-8.349674187034587,5.472609568161451,1
2.261584517279402,4.648273230088596,1
-0.5929561411319733,4.556903038010017,1
-5.181506094342323,-6.72389770793967,1
-6.190721108135445,-5.889594719499809,1
-9.074098810628421,3.274335710981817,1
-7.81865520862357,-4.125801127844758,1
-0.8940337022801721,-7.915978810602444,1
4.774801506404852,3.211924665946448,1
-5.206436505109791,8.9940817250771,1
-9.358794470625398,1.505638241039647,1
3.870998584724672,10.75902103033027,1
-8.546246890530213,-2.661351550083101,1
2.692322333361173,4.673198243426441,1
-4.140166777634843,-7.112884041410086,1
-2.256529960658756,10.655202771246,1
-8.89597977216418,4.090447775295108,1
-1.354219919343013,-7.87090455329875,1
-0.5748936596637757,4.707658184077171,1
-9.145963956814304,-1.378227876734923,1
-3.839870244343202,-7.25310018970683,1
-8.408757433871179,-2.828380813895195,1
5.656623743563764,2.200187722292023,1
-2.146782387342932,10.64452980116782,1
-3.871345237079483,-7.125943992783384,1
5.82177581346295,1.958326985074891,1
-8.922708224799939,4.081861191037607,1
-9.384238471955115,1.543596637243335,1
-9.180753916554748,-0.4467154912211059,1
-4.893564552879621,9.47428146455491,1
-9.299100561730866,-0.1043675697350748,1
-4.316806167827224,9.634812596917124,1
1.050778548327014,-7.475364581753498,1
-2.859152899378267,2.682017759181885,1
-8.319127448321218,-3.243867317082403,1
3.036509718112631,10.98483024727585,1
-9.375654232331335,1.851004856257975,1
-6.185362459242205,8.33602222399692,1
-6.315322173073632,-5.915847887225478,1
1.738357356649752,-7.300886295508949,1
-8.7589155951585,-2.366220438747782,1
-5.212071807683,-6.517436695296304,1
-8.283809374546893,5.632286143150582,1
-8.541822797756325,-2.693582393714038,1
4.362073685767093,3.676018772538168,1
-7.800704936174691,-3.979256576438256,1
3.383972734745785,10.80358930269068,1
-9.264638423607044,2.505054540430072,1
5.460506112444103,2.523768049703007,1
-9.185016634534819,-0.2571399752109996,1
4.27028403322594,-5.877738009546111,1
1.840318568609254,11.12682048133197,1
3.36111720161221,10.86467751432769,1
1.224792366703006,4.999660886097314,1
-6.821392800431394,7.491127220541148,1
-2.981626496690854,-7.489844023310158,1
-0.6174203870014514,4.634823593325748,1
-5.310679816597466,9.088964995289579,1
-2.418469031298803,-7.717080084968166,1
-4.69293872637173,9.419976739929126,1
-7.158392953725532,7.160608566691877,1
6.313664583406618,-2.429722030323649,1
-1.707842609603764,10.70168592539792,1
2.013968702841997,11.07744527506996,1
5.330509473370523,2.521325611989617,1
-1.436772763348359,-7.748386540728393,1
-8.73290994700964,4.69444064242776,1
-9.243389793911806,-0.6513269406031124,1
0.3129816503033286,11.21038390196818,1
6.41138144041722,-0.4943167471804499,1
-4.934166550650046,9.469506942755688,1
5.187238694266485,10.38677499824876,1
-9.115125584896797,-1.041030646244194,1
0.9781423830326904,11.0485656734988,1
-7.544907426808812,-4.363482537040816,1
-7.331871183506897,7.065792633653914,1
-4.102317357477163,9.816049961342566,1
-2.014099055780371,-7.696774073953491,1
-0.6939945067053188,4.655685393446573,1
2.84922209899905,4.530315329133003,1
-1.879504344073599,10.69847827359983,1
-9.297639600303347,0.4509143821216313,1
-5.221687999200219,-6.618914981464547,1
-6.297831824331436,-5.678314480851892,1
-2.153417955486276,3.511776038799682,1
2.150068713361323,4.840764064432864,1
-8.599081379087052,4.746129166186067,1
6.335100920171321,-0.004720274262802096,1
-8.205581695781152,5.772826016003978,1
-8.502318125872083,-2.781191796717322,1
-8.420780391097935,5.403793290175646,1
6.490844644725802,-1.27257460065987,1
5.517219121885633,2.531057696158082,1
-9.350433340943324,1.983014217385733,1
6.442279955888691,0.2418946140177287,1
-9.186489112942095,-0.4157645682113322,1
-9.40885123637255,0.1705908095629166,1
-0.7534368780091785,11.06499957994921,1
5.738942213141057,-3.918124402215912,1
-6.551089149896999,7.881210520666003,1
-8.97513469231029,-1.443676735539041,1
2.947439635522098,-6.845653467563846,1
6.364770320256457,0.2625760982120701,1
-5.966523722907382,-6.007947171385838,1
-0.810668475904144,-7.895361627833775,1
-4.136954980900004,9.720116095459121,1
-6.222936315871407,8.138384174730424,1
-1.184868831482605,10.93314939376113,1
4.200572847173765,-5.822193980822297,1
-0.9037906747508996,10.96734830039067,1
-3.856465917630611,9.89599417386003,1
6.224700442843004,0.6089769823409615,1
5.266909136009738,2.771140501189903,1
3.101904159157407,11.00928891822005,1
-8.255123368739318,-3.168597741857193,1
-8.676415381935451,-2.639832053094905,1
-1.989103195983634,3.717876359584696,1
-1.834750412420029,-1.487508466754289,1
-3.478598440180228,-7.379155462248534,1
5.587709718750342,2.212876875797838,1
-3.035699089264394,10.24997022913762,1
1.918405868945203,4.86952315926261,1
-8.491453100896329,-2.960491487671929,1
1.473249465662794,-7.404013602730135,1
5.06096083661472,10.50701913988452,1
6.470057388988915,-0.4568929301571095,1
-7.652735161096044,6.471670286901222,1
4.190787592386756,10.76006817279823,1
-0.08448798932527343,10.97584542834574,1
5.411203681957222,-4.40528981490537,1
0.3210808725562808,-7.70030596179507,1
3.11957287943182,-6.683979084921054,1
5.823518138208446,-3.820629290937024,1
-9.358010851605345,0.5248898991634154,1
-9.410835218464412,1.164915206557939,1
-4.408413102127314,9.557899093141444,1
-9.274663273178707,1.371622095484206,1
-7.310058687652956,7.059211204365511,1
-8.040310512857486,-3.918829356037213,1
-8.975791887164275,-1.368890076211273,1
4.506992047544164,10.67477817183451,1
-0.5687161466231785,-7.796650188671099,1
3.303433969900543,4.330447091190578,1
-3.063395553882039,1.990790722322685,1
-2.488798275919575,-1.031871083838293,1
-7.76413054070892,-4.343844960470185,1
-9.133037063898433,3.563972925804017,1
-8.035664952211413,5.961713128705219,1
-3.220496964706847,0.6029832647648165,1
-8.482870358366371,-2.92649184769711,1
5.569385082040951,10.08542044653143,1
4.435901894446217,10.5550373637874,1
-9.293917375648807,1.01242697746309,1
-5.874179175127218,8.745117632043948,1
-9.344097605938364,2.42204056717339,1
6.384975114034569,-0.1939924848969763,1
-7.263389334638991,-4.92043651665517,1
0.629668772060562,-7.718034637910526,1
-7.925896066298285,6.125356508027965,1
-8.994812932872842,3.510676265957749,1
0.03413716895890365,11.16536325613794,1
2.485905816580317,-7.104796624424414,1
-8.739597336222344,-2.375289930372233,1
-9.368440231152324,-0.00696410635622477,1
3.346877675772798,10.91038098356169,1
-0.2435937064674433,10.99677973680979,1
6.543568876395701,-0.3416474805470276,1
-4.240781726550764,-7.105505203287757,1
6.356485413754266,-0.5937838864815588,1
5.750961814153586,2.096671267585557,1
2.034339920278414,4.930416698555138,1
-4.035547065086161,9.717094391424434,1
3.012340997566978,-6.81787865237431,1
-7.30571412208127,7.06778766352435,1
-0.665212116800711,-7.869869391694128,1
-8.886685987208217,3.85520941118324,1
-8.076744963326679,5.865278470215132,1
1.02736138619769,-7.641449430267173,1
-3.137896952405583,-7.432727691146538,1
-3.571015819042562,-7.277514339937669,1
1.678196415075055,-7.492663100360674,1
-2.162880966255954,-1.097300127310279,1
3.827767713517671,4.034387108485708,1
-9.034023491769371,-1.610448175643171,1
-2.649474986634837,2.927405777421576,1
-2.357968239195976,-0.9085122644283481,1
-4.427155727073057,-7.013680178379589,1
4.641794927100414,-5.428850972927297,1
-8.964628756101918,-1.995890554031914,1
6.442533966835614,-1.53934717197146,1
0.7503895106903219,4.880945681181608,1
-8.524022083577446,5.185975545099381,1
4.300094887791087,-5.810698672655269,1
3.545377046644892,10.89263811838815,1
5.151439253515616,-4.767319404791325,1
-2.953120798225733,2.409133889297492,1
-2.448448912812974,-7.739340706332954,1
-7.358850267115517,-4.62880064862324,1
-5.042465180653253,9.296393305588037,1
-6.963975796301288,7.59657067662574,1
-6.43827602691253,7.959024251223072,1
-7.114467540732582,-4.832723789413328,1
6.493805585879125,-0.2380316038598304,1
4.951682696795923,3.178176523325429,1
-2.216415274867277,3.442111566781757,1
-7.558931072430307,-4.361207852598947,1
0.647814992303928,-7.677902574527231,1
-3.807216298081201,-7.283839599983311,1
-3.261264794744968,1.064659054797924,1
-2.813436546656523,-0.5342825383774489,1
-6.211604313045915,-5.811383531176327,1
6.180493205302807,1.094886334970122,1
-8.369341497119658,5.28970450560914,1
6.428563156060991,-0.6628380692646534,1
1.358344704693792,11.1178987033999,1
-4.100090897247107,9.963933552449264,1
5.777737094032354,10.0471218358522,1
-0.03326177527771532,11.08329332161642,1
-2.265246835319696,-7.687528377592982,1
-8.635696084310377,4.774136424072552,1
-9.375298909465315,1.881606168392171,1
-4.318405304811833,9.606078033324623,1
-7.825699497287423,6.474721484286239,1
-4.745641517690232,-6.833362355537199,1
-2.531319549753067,10.63030950279093,1
-2.116882032643193,10.61949002565649,1
-7.447074755278276,6.82296660443723,1
-2.774940442869575,-7.610543738817243,1
1.463490960748804,-7.546919518118551,1
6.546178878092123,-0.859039285681623,1
6.471866308292437,-0.5735069767017463,1
-4.20164431898628,9.801964597097449,1
-3.258110924346092,0.6507506672183947,1
-7.374246211820988,6.907681614361296,1
-5.730400483115726,-6.24105689981009,1
-0.8523375934592406,-7.913620198883359,1
-2.017381586553561,10.66859546532823,1
0.6906060056850215,-7.688255229583399,1
6.09509448874214,-2.882974270168348,1
-8.116124500237131,-3.580897507446171,1
3.393780711148961,-6.562265320137966,1
5.868011539142234,1.81873994340725,1
4.506097138133982,3.615865988518797,1
-9.357263322928965,-0.2721011509598278,1
-7.858148060206975,6.356179024078536,1
-9.331019659191913,-0.4076459934098978,1
-8.87879107534558,3.897874612013439,1
-3.076962776019666,0.5807498851455017,1
5.941084775461619,1.501213817477269,1
-2.62954283292408,-7.545500541649704,1
5.364124234203592,10.30838430241273,1
-9.111351799369723,-1.207832609102672,1
0.2974140210232432,4.781867049566419,1
-9.383944439150198,1.326425704444504,1
0.3934929250097204,-7.680070190398029,1
-3.680417907880041,-7.237687354941662,1
5.61183205059621,-4.169610539851075,1
3.097622575802762,-6.642261167391433,1
-3.434237751246779,10.21911270595396,1
-8.491143910144364,-2.839576284345411,1
-2.402006458095187,-0.9957022338426207,1
-8.049237050588879,5.898708349260792,1
-4.550581300815759,9.619003027170814,1
1.011361247929928,11.1141152436992,1
5.124790695331986,2.927451582664898,1
-6.18482811639251,-5.931253013109976,1
-0.6771395969669679,10.97457034166796,1
-6.51896384302607,-5.552051461359001,1
-3.192130925743232,1.128799104215018,1
0.9547710972379654,-7.624485930742501,1
-7.972731069943245,6.163930895188483,1
-6.926286632116128,7.48974460217692,1
-8.970619997185493,-1.787264593401355,1
6.370996840073828,-2.151393594088854,1
4.990699590577628,10.38599135219208,1
-1.337636344648056,-1.627778591349756,1
-2.156371159385789,-1.14582917164164,1
-1.816030940395729,10.67692227095045,1
0.1740249685612913,11.12814204439093,1
1.605497491659816,-7.451117183012719,1
2.946756670418347,-6.809779517381025,1
-7.836418391221582,-3.8889039108421,1
4.073394191860745,3.805381816308207,1
-7.591768043760608,6.50896844122274,1
-9.353818577681164,2.162406806740838,1
-6.499846288111736,7.842885479772296,1
-6.583906021481461,7.811694620497017,1
-9.246591575190921,-0.0009381349260305094,1
5.99102577404771,1.303925423903297,1
6.395653425590311,-2.22303448224994,1
-0.95344993278152,10.89933003347153,1
-0.09670659849320384,4.80713466426591,1
-4.893932134687661,9.398673221127188,1
-0.7417755620811632,10.89860076021963,1
-9.456361179304468,1.079219649679853,1
-0.3806218000496627,11.01408754307226,1
4.204318934329065,3.77574587229471,1
6.187863403485474,-3.01124082062197,1
-6.683117598417309,-5.51508340140518,1
1.570343852363094,-7.421737204788787,1
-9.038369353099503,3.517632303849135,1
1.917622616452228,4.877207654349417,1
3.123327678202565,10.84782203373021,1
2.849917670989123,4.58961293390669,1
6.374454770532614,-1.716967650045462,1
-9.047457297036226,-0.915887199526656,1
-4.434675475310759,-6.875052686240151,1
-9.407069161830385,0.08373771932374585,1
-8.858090182017879,-2.072238866381618,1
6.156532143300561,-3.050717889939176,1
-7.626972060607174,6.650814325964366,1
4.145680136386278,-5.819317872951024,1
-0.6408512860468474,-7.909400112668974,1
-3.054886629350003,2.283053187419823,1
-7.088471331697706,-5.003369496790235,1
4.129949528851695,3.79381104766263,1
-9.003157125182369,-1.383654361090524,1
3.945311123072723,-5.957152271791668,1
2.649302326146959,-6.901802208483359,1
-4.625112647668901,9.491341416125589,1
2.391258891389175,4.681570052783668,1
-8.051358768998631,-3.501649014114251,1
6.521941262520696,-0.4681051006341654,1
0.4412915559755641,-7.751906415890699,1
-9.375551925686789,0.5088982014612687,1
-3.035778366329449,10.30783771170434,1
-2.607535591902833,2.797013000971357,1
3.441934157432432,4.320383248326682,1
-2.332229180947807,-0.9828110068641043,1
-2.631797431848331,-0.7297063692482572,1
4.684074559785303,-5.461506348715869,1
-9.26770278985191,0.1474537410892585,1
-9.283421663127108,2.408557212100144,1
-9.381584293887009,-0.05100314597964561,1
-2.340491288198753,3.322474527870478,1
-9.208125026204836,2.6089568471272,1
-2.740882428045141,-0.5627366037853714,1
6.343533035208528,-2.454330137563363,1
-1.364107377506388,4.278087235130615,1
6.416039787422734,0.1972222761818146,1
5.518055519194588,2.191396970198359,1
-4.095648001600229,9.878599176040167,1
-9.46231092608291,1.259565652190259,1
-7.334305596986943,7.173897826010748,1
1.917819770932297,11.13759951540877,1
-3.794354044926434,-7.269790100632369,1
-9.340994141514791,0.4244978137506082,1
-1.768975699604024,-7.734214163457854,1
-0.1362823998821557,11.09310636383381,1
6.16185942029981,-2.675141913831539,1
3.010174266034624,-6.679089539133016,1
5.835705320972411,-3.665032264993869,1
4.597113417410583,10.59891237597989,1
-4.116858805614776,9.746266921871035,1
6.410531240289725,-1.46977955433989,1
-0.2334815559108082,11.13670338442413,1
6.099734902725126,1.014465544065396,1
2.23767103791349,4.825268827353224,1
2.960070436067121,4.555335711350744,1
-9.370471250250686,0.04753707859399896,1
5.341339750105083,-4.568900792933633,1
1.295978934062666,11.19908637703526,1
-1.801261114672589,10.71510305149394,1
-0.1427612652503435,-7.788997788860368,1
-1.330111386656484,10.83843381084096,1
4.198509787084442,10.6839063546964,1
6.403253517207837,-1.517417195484107,1
-8.97293888876494,-1.940577386279809,1
-8.574648439556507,4.76440850016019,1
-6.75206481545631,-5.39203740705059,1
-9.312307289353772,-0.7139308137252103,1
-1.677187615859344,-7.689688935382268,1
0.8517536102801466,-7.561502217512285,1
-4.234196412844494,-7.191707141193549,1
-0.4833610544359154,-7.884626767120142,1
-6.376115941641206,-5.737666948917241,1
-1.764671412779797,3.902170774356213,1
-5.705370088414593,-6.261751361403243,1
-7.223518358983934,-4.822773932804918,1
-7.103858785989339,-5.104286633665538,1
-9.374197464633626,1.811922330481508,1
-2.473705927777423,-0.8029078022758642,1
-1.991089191630955,-1.476353240860646,1
-1.206090975154995,10.86165747184108,1
1.149750992820183,11.09873082855543,1
-8.650576288512202,4.86233233339943,1
-3.025063382902992,0.04529219961048914,1
-9.162615253773762,3.084672539921193,1
-5.267763942669322,9.050332206769703,1
-7.143920078127167,-5.052234649552874,1
-8.901312284891647,4.175165351771011,1
3.524759764873906,4.229398212577097,1
-0.9763809760020516,-7.849696317907503,1
-6.0733702643896,-5.849102706957024,1
-9.36687327844689,0.9481271839940306,1
-3.208188250570999,0.5381995650095293,1
-4.410710293814347,9.566921940509705,1
-7.654797467265984,6.516147823115988,1
5.11089922300958,10.40036174686495,1
-7.369710202890808,-4.627431166138417,1
-0.8144420272525164,-7.889947421834075,1
-5.219073766928151,-6.472321349265986,1
-4.262618959663882,-7.057189556841203,1
6.418333456086478,-1.837811440801307,1
-2.075325392010936,-1.359839927966918,1
6.462724910941682,0.244779334226886,1
5.383005305302249,-4.621329896558509,1
-3.426958292252801,10.1543784893863,1
-4.552021354316076,-6.841571373335842,1
-1.501635128841525,-7.713946796397514,1
1.533596551973569,11.20471115344256,1
-0.4068598978639928,-7.716575762883397,1
6.040850111327686,-3.334802188804734,1
0.8636538142535535,-7.509379409026888,1
-4.938738060074649,-6.738241711231799,1
6.41902354906391,-0.4565959619548225,1
2.979322293335401,10.97422112200103,1
-3.245366251399206,-7.376155378183561,1
-9.305296604125832,-0.2014152052881708,1
-7.575566280671552,-4.517056566662715,1
-8.426625170610276,5.211714546400903,1
-9.128640757644092,-0.6987782013433727,1
-9.055287021627432,-1.122836223528771,1
-8.699034214108014,4.784109821525249,1
-7.487121940813171,-4.576826051850643,1
-1.403165519197924,10.86682381589577,1
5.662801429250705,2.05254804982262,1
-2.673883060805375,-0.6698343749908201,1
4.194279887637275,3.806900499370714,1
4.237682757373828,10.7090934621959,1
-9.071392291881402,-1.691838786054132,1
-2.701391459024861,2.716615042004127,1
1.17784814494144,-7.509800758388277,1
-2.168965958245979,-7.809414809478484,1
5.311323661494641,10.25064950275947,1
-0.08040840465648327,11.15178331600452,1
-3.21360811084376,1.543993501703783,1
5.577209939157166,2.359087115877168,1
-1.393598294832353,-7.876753998882311,1
-7.708971806199695,-4.298002459976931,1
4.610779097179343,10.62947734163975,1
